{"cameraMode":{"drawMode":0,"name":"Shaded","section":"Shading Mode"},"sceneLighting":false,"audioPlay":false,"sceneViewState":{"showFog":true,"showMaterialUpdate":false,"showSkybox":false,"showFlares":true,"showImageEffects":true,"showParticleSystems":true},"in2DMode":false,"pivot":{"x":16.017135620117189,"y":-21.497365951538087,"z":2.2275943756103517},"rotation":{"x":0.34758424758911135,"y":0.5660144090652466,"z":-0.28460803627967837,"w":0.6912589073181152},"size":16.121604919433595,"orthographic":false}