{"cameraMode":{"drawMode":0,"name":"Shaded","section":"Shading Mode"},"sceneLighting":false,"audioPlay":false,"sceneViewState":{"showFog":true,"showMaterialUpdate":false,"showSkybox":false,"showFlares":true,"showImageEffects":true,"showParticleSystems":true},"in2DMode":false,"pivot":{"x":-7.137912750244141,"y":-12.289664268493653,"z":-18.642269134521486},"rotation":{"x":-0.04774075374007225,"y":0.9450269341468811,"z":-0.28088176250457766,"w":-0.16057634353637696},"size":15.215119361877442,"orthographic":false}