{"cameraMode":{"drawMode":0,"name":"Shaded","section":"Shading Mode"},"sceneLighting":true,"audioPlay":false,"sceneViewState":{"showFog":true,"showMaterialUpdate":false,"showSkybox":true,"showFlares":true,"showImageEffects":true,"showParticleSystems":true},"in2DMode":false,"pivot":{"x":-4.064403057098389,"y":-17.434112548828126,"z":-6.991704940795898},"rotation":{"x":-0.21410389244556428,"y":0.779975414276123,"z":-0.46659618616104128,"w":-0.3579007387161255},"size":34.220130920410159,"orthographic":false}