{"cameraMode":{"drawMode":0,"name":"Shaded","section":"Shading Mode"},"sceneLighting":true,"audioPlay":false,"sceneViewState":{"showFog":true,"showMaterialUpdate":false,"showSkybox":true,"showFlares":true,"showImageEffects":true,"showParticleSystems":true},"in2DMode":false,"pivot":{"x":50.900028228759769,"y":-53.72148513793945,"z":4.184043884277344},"rotation":{"x":-0.2830788493156433,"y":-0.6002959609031677,"z":0.23984216153621674,"w":-0.7085123062133789},"size":41.99395751953125,"orthographic":false}