{"cameraMode":{"drawMode":0,"name":"Shaded","section":"Shading Mode"},"sceneLighting":false,"audioPlay":false,"sceneViewState":{"showFog":true,"showMaterialUpdate":false,"showSkybox":false,"showFlares":true,"showImageEffects":true,"showParticleSystems":true},"in2DMode":false,"pivot":{"x":0.4747734069824219,"y":-0.04857158660888672,"z":-0.33903515338897707},"rotation":{"x":-0.3694254457950592,"y":-0.5840387344360352,"z":0.337595134973526,"w":-0.6391151547431946},"size":2.8489890098571779,"orthographic":false}