{"cameraMode":{"drawMode":0,"name":"Shaded","section":"Shading Mode"},"sceneLighting":false,"audioPlay":false,"sceneViewState":{"showFog":true,"showMaterialUpdate":false,"showSkybox":false,"showFlares":true,"showImageEffects":true,"showParticleSystems":true},"in2DMode":false,"pivot":{"x":5.609847545623779,"y":1.533739447593689,"z":5.389002323150635},"rotation":{"x":-0.2456706315279007,"y":-0.7536185383796692,"z":0.4118129014968872,"w":-0.4495888948440552},"size":0.1509966105222702,"orthographic":false}