{"cameraMode":{"drawMode":0,"name":"Shaded","section":"Shading Mode"},"sceneLighting":true,"audioPlay":false,"sceneViewState":{"showFog":true,"showMaterialUpdate":false,"showSkybox":true,"showFlares":true,"showImageEffects":true,"showParticleSystems":true},"in2DMode":false,"pivot":{"x":-3.7734622955322267,"y":-3.372109889984131,"z":-9.572660446166993},"rotation":{"x":-0.6159365177154541,"y":0.0077971480786800388,"z":-0.006095254328101873,"w":-0.7877387404441834},"size":31.356754302978517,"orthographic":false}